District,KDG_District,Original Maize Production Value,Perturbation,Factor,New Maize Production Values,Percentage Change,Change
BENGALURU,Bengaluru Urban,2879,10,TotalNPK,3134,8.857242097950676,255
BENGALURU(R),Bengaluru Rural,42583,10,TotalNPK,44354,4.158936664866261,1771
RAMANAGARA,Ramanagara,10450,10,TotalNPK,10579,1.2344497607655502,129
CHITRADURGA,Chitradurga,271975,10,TotalNPK,278336,2.338817906057542,6361
DAVANAGERE,Davanagere,593544,10,TotalNPK,608541,2.526687153774615,14997
KOLAR,Kolar,1759,10,TotalNPK,1887,7.2768618533257525,128
CHIKKABALLAPURA,Chikkaballapura,105491,10,TotalNPK,110273,4.533088130741011,4782
SHIVAMOGGA,Shivamogga,226532,10,TotalNPK,232616,2.685713276711458,6084
TUMAKURU,Tumakuru,66868,10,TotalNPK,68470,2.395764790333194,1602
CHIKKAMAGALURU,Chikkamagaluru,61353,10,TotalNPK,66112,7.756751911071993,4759
DAKSHINA KANNADA,Dakshina Kannada,0,10,TotalNPK,0,,0
UDUPI,Udupi,109,10,TotalNPK,110,0.9174311926605505,1
HASSAN,Hassan,333937,10,TotalNPK,343879,2.9772082758125036,9942
KODAGU,Kodagu,17921,10,TotalNPK,19974,11.45583393783829,2053
MANDYA,Mandya,19387,10,TotalNPK,20232,4.358590808273585,845
MYSURU,Mysuru,137154,10,TotalNPK,141206,2.954343292940782,4052
CHAMARAJANAGAR,Chamarajanagara,147886,10,TotalNPK,152139,2.8758638410667676,4253
BELAGAVI,Belagavi,576758,10,TotalNPK,604933,4.885064446440275,28175
VIJAYAPURA,Vijayapura,226327,10,TotalNPK,232406,2.6859367198787596,6079
BAGALKOT,Bagalkote,251699,10,TotalNPK,265084,5.317859824631802,13385
DHARAWAD,Dharwad,90634,10,TotalNPK,94396,4.150760200366308,3762
GADAG,Gadag,138476,10,TotalNPK,141738,2.3556428550795805,3262
HAVERI,Haveri,413487,10,TotalNPK,426166,3.0663600064814616,12679
UTTARA KANNADA,Uttara Kannada,24088,10,TotalNPK,24686,2.4825639322484223,598
BALLARI,Ballari,104045,10,TotalNPK,108948,4.712384064587438,4903
BIDAR,Bidar,2791,10,TotalNPK,2936,5.19527051236116,145
KALABURAGI,Kalaburagi,14621,10,TotalNPK,15035,2.831543670063607,414
YADGIRI,Yadgir,2673,10,TotalNPK,2888,8.043396932285821,215
RAICHUR,Raichur,723,10,TotalNPK,758,4.840940525587829,35
KOPPAL,Koppal,190252,10,TotalNPK,196668,3.3723692786409605,6416
VIJAYANAGARA,Vijayanagara,104045,10,TotalNPK,108948,4.712384064587438,4903
BENGALURU,Bengaluru Urban,2879,10,LivestockCensus_2012_Cattle,3027,5.140673845085099,148
BENGALURU(R),Bengaluru Rural,42583,10,LivestockCensus_2012_Cattle,44031,3.4004180071859658,1448
RAMANAGARA,Ramanagara,10450,10,LivestockCensus_2012_Cattle,10897,4.277511961722488,447
CHITRADURGA,Chitradurga,271975,10,LivestockCensus_2012_Cattle,276822,1.7821490945858993,4847
DAVANAGERE,Davanagere,593544,10,LivestockCensus_2012_Cattle,598498,0.8346474734813256,4954
KOLAR,Kolar,1759,10,LivestockCensus_2012_Cattle,1890,7.447413303013076,131
CHIKKABALLAPURA,Chikkaballapura,105491,10,LivestockCensus_2012_Cattle,109609,3.9036505483880144,4118
SHIVAMOGGA,Shivamogga,226532,10,LivestockCensus_2012_Cattle,232588,2.6733529920717602,6056
TUMAKURU,Tumakuru,66868,10,LivestockCensus_2012_Cattle,69062,3.281091104863313,2194
CHIKKAMAGALURU,Chikkamagaluru,61353,10,LivestockCensus_2012_Cattle,63699,3.8237738985868663,2346
DAKSHINA KANNADA,Dakshina Kannada,0,10,LivestockCensus_2012_Cattle,0,,0
UDUPI,Udupi,109,10,LivestockCensus_2012_Cattle,114,4.587155963302752,5
HASSAN,Hassan,333937,10,LivestockCensus_2012_Cattle,342670,2.6151639381080862,8733
KODAGU,Kodagu,17921,10,LivestockCensus_2012_Cattle,18360,2.449640087048714,439
MANDYA,Mandya,19387,10,LivestockCensus_2012_Cattle,19894,2.615154484964151,507
MYSURU,Mysuru,137154,10,LivestockCensus_2012_Cattle,140713,2.5948933315834752,3559
CHAMARAJANAGAR,Chamarajanagara,147886,10,LivestockCensus_2012_Cattle,152535,3.143637666851494,4649
BELAGAVI,Belagavi,576758,10,LivestockCensus_2012_Cattle,585956,1.5947763186639805,9198
VIJAYAPURA,Vijayapura,226327,10,LivestockCensus_2012_Cattle,229138,1.2420082447078784,2811
BAGALKOT,Bagalkote,251699,10,LivestockCensus_2012_Cattle,256070,1.736598079452044,4371
DHARAWAD,Dharwad,90634,10,LivestockCensus_2012_Cattle,92567,2.1327537127347354,1933
GADAG,Gadag,138476,10,LivestockCensus_2012_Cattle,140457,1.4305728068401744,1981
HAVERI,Haveri,413487,10,LivestockCensus_2012_Cattle,418990,1.33087618232254,5503
UTTARA KANNADA,Uttara Kannada,24088,10,LivestockCensus_2012_Cattle,25392,5.413483892394553,1304
BALLARI,Ballari,104045,10,LivestockCensus_2012_Cattle,105401,1.3032822336489018,1356
BIDAR,Bidar,2791,10,LivestockCensus_2012_Cattle,2928,4.9086348978860626,137
KALABURAGI,Kalaburagi,14621,10,LivestockCensus_2012_Cattle,14980,2.455372409547911,359
YADGIRI,Yadgir,2673,10,LivestockCensus_2012_Cattle,2745,2.6936026936026933,72
RAICHUR,Raichur,723,10,LivestockCensus_2012_Cattle,733,1.3831258644536653,10
KOPPAL,Koppal,190252,10,LivestockCensus_2012_Cattle,192503,1.183167588251372,2251
VIJAYANAGARA,Vijayanagara,104045,10,LivestockCensus_2012_Cattle,105401,1.3032822336489018,1356
BENGALURU,Bengaluru Urban,2879,10,AreaUnderCereals_Maize,3079,6.946856547412296,200
BENGALURU(R),Bengaluru Rural,42583,10,AreaUnderCereals_Maize,45227,6.209050560082662,2644
RAMANAGARA,Ramanagara,10450,10,AreaUnderCereals_Maize,10803,3.3779904306220097,353
CHITRADURGA,Chitradurga,271975,10,AreaUnderCereals_Maize,288372,6.028862946962037,16397
DAVANAGERE,Davanagere,593544,10,AreaUnderCereals_Maize,624384,5.1959079697545585,30840
KOLAR,Kolar,1759,10,AreaUnderCereals_Maize,1872,6.424104604889141,113
CHIKKABALLAPURA,Chikkaballapura,105491,10,AreaUnderCereals_Maize,116051,10.010332635011517,10560
SHIVAMOGGA,Shivamogga,226532,10,AreaUnderCereals_Maize,234326,3.440573517207282,7794
TUMAKURU,Tumakuru,66868,10,AreaUnderCereals_Maize,71173,6.43805706765568,4305
CHIKKAMAGALURU,Chikkamagaluru,61353,10,AreaUnderCereals_Maize,65947,7.4878164066956785,4594
DAKSHINA KANNADA,Dakshina Kannada,0,10,AreaUnderCereals_Maize,0,,0
UDUPI,Udupi,109,10,AreaUnderCereals_Maize,110,0.9174311926605505,1
HASSAN,Hassan,333937,10,AreaUnderCereals_Maize,347997,4.2103750108553415,14060
KODAGU,Kodagu,17921,10,AreaUnderCereals_Maize,18534,3.420568048657999,613
MANDYA,Mandya,19387,10,AreaUnderCereals_Maize,20257,4.4875431990509105,870
MYSURU,Mysuru,137154,10,AreaUnderCereals_Maize,143784,4.833982238943086,6630
CHAMARAJANAGAR,Chamarajanagara,147886,10,AreaUnderCereals_Maize,154745,4.638031997619788,6859
BELAGAVI,Belagavi,576758,10,AreaUnderCereals_Maize,600086,4.0446773170029715,23328
VIJAYAPURA,Vijayapura,226327,10,AreaUnderCereals_Maize,233478,3.1595876762383632,7151
BAGALKOT,Bagalkote,251699,10,AreaUnderCereals_Maize,259577,3.129929002499017,7878
DHARAWAD,Dharwad,90634,10,AreaUnderCereals_Maize,96129,6.062846172518039,5495
GADAG,Gadag,138476,10,AreaUnderCereals_Maize,144552,4.387763944654669,6076
HAVERI,Haveri,413487,10,AreaUnderCereals_Maize,443846,7.342189718177355,30359
UTTARA KANNADA,Uttara Kannada,24088,10,AreaUnderCereals_Maize,24901,3.375124543341083,813
BALLARI,Ballari,104045,10,AreaUnderCereals_Maize,112914,8.52419626123312,8869
BIDAR,Bidar,2791,10,AreaUnderCereals_Maize,3036,8.778215693299893,245
KALABURAGI,Kalaburagi,14621,10,AreaUnderCereals_Maize,15089,3.2008754531153825,468
YADGIRI,Yadgir,2673,10,AreaUnderCereals_Maize,2843,6.359895248784138,170
RAICHUR,Raichur,723,10,AreaUnderCereals_Maize,1185,63.90041493775933,462
KOPPAL,Koppal,190252,10,AreaUnderCereals_Maize,198826,4.506654332148939,8574
VIJAYANAGARA,Vijayanagara,104045,10,AreaUnderCereals_Maize,112914,8.52419626123312,8869
BENGALURU,Bengaluru Urban,2879,-10,TotalNPK,2623,-8.891976380687739,-256
BENGALURU(R),Bengaluru Rural,42583,-10,TotalNPK,40811,-4.1612850198436,-1772
RAMANAGARA,Ramanagara,10450,-10,TotalNPK,10320,-1.244019138755981,-130
CHITRADURGA,Chitradurga,271975,-10,TotalNPK,265613,-2.3391855869105616,-6362
DAVANAGERE,Davanagere,593544,-10,TotalNPK,578546,-2.5268556332807677,-14998
KOLAR,Kolar,1759,-10,TotalNPK,1630,-7.333712336554861,-129
CHIKKABALLAPURA,Chikkaballapura,105491,-10,TotalNPK,100708,-4.534036078907206,-4783
SHIVAMOGGA,Shivamogga,226532,-10,TotalNPK,220447,-2.68615471544859,-6085
TUMAKURU,Tumakuru,66868,-10,TotalNPK,65265,-2.3972602739726026,-1603
CHIKKAMAGALURU,Chikkamagaluru,61353,-10,TotalNPK,56593,-7.758381823219729,-4760
DAKSHINA KANNADA,Dakshina Kannada,0,-10,TotalNPK,0,,0
UDUPI,Udupi,109,-10,TotalNPK,107,-1.834862385321101,-2
HASSAN,Hassan,333937,-10,TotalNPK,323994,-2.977507733494641,-9943
KODAGU,Kodagu,17921,-10,TotalNPK,15867,-11.461413983594666,-2054
MANDYA,Mandya,19387,-10,TotalNPK,18541,-4.363748903904678,-846
MYSURU,Mysuru,137154,-10,TotalNPK,133101,-2.95507240036747,-4053
CHAMARAJANAGAR,Chamarajanagara,147886,-10,TotalNPK,143632,-2.876540037596527,-4254
BELAGAVI,Belagavi,576758,-10,TotalNPK,548582,-4.885237829384248,-28176
VIJAYAPURA,Vijayapura,226327,-10,TotalNPK,220247,-2.686378558457453,-6080
BAGALKOT,Bagalkote,251699,-10,TotalNPK,238313,-5.318257124581345,-13386
DHARAWAD,Dharwad,90634,-10,TotalNPK,86871,-4.151863539069224,-3763
GADAG,Gadag,138476,-10,TotalNPK,135213,-2.3563650018775815,-3263
HAVERI,Haveri,413487,-10,TotalNPK,400807,-3.0666018520533895,-12680
UTTARA KANNADA,Uttara Kannada,24088,-10,TotalNPK,23489,-2.486715376951179,-599
BALLARI,Ballari,104045,-10,TotalNPK,99141,-4.713345187178625,-4904
BIDAR,Bidar,2791,-10,TotalNPK,2645,-5.231099964170548,-146
KALABURAGI,Kalaburagi,14621,-10,TotalNPK,14206,-2.838383147527529,-415
YADGIRI,Yadgir,2673,-10,TotalNPK,2457,-8.080808080808081,-216
RAICHUR,Raichur,723,-10,TotalNPK,687,-4.979253112033195,-36
KOPPAL,Koppal,190252,-10,TotalNPK,183835,-3.372894897294115,-6417
VIJAYANAGARA,Vijayanagara,104045,-10,TotalNPK,99141,-4.713345187178625,-4904
BENGALURU,Bengaluru Urban,2879,-10,LivestockCensus_2012_Cattle,2730,-5.175408127822161,-149
BENGALURU(R),Bengaluru Rural,42583,-10,LivestockCensus_2012_Cattle,41134,-3.4027663621633044,-1449
RAMANAGARA,Ramanagara,10450,-10,LivestockCensus_2012_Cattle,10002,-4.287081339712919,-448
CHITRADURGA,Chitradurga,271975,-10,LivestockCensus_2012_Cattle,267127,-1.7825167754389188,-4848
DAVANAGERE,Davanagere,593544,-10,LivestockCensus_2012_Cattle,588589,-0.8348159529874786,-4955
KOLAR,Kolar,1759,-10,LivestockCensus_2012_Cattle,1627,-7.504263786242182,-132
CHIKKABALLAPURA,Chikkaballapura,105491,-10,LivestockCensus_2012_Cattle,101372,-3.9045984965542084,-4119
SHIVAMOGGA,Shivamogga,226532,-10,LivestockCensus_2012_Cattle,220475,-2.673794430808892,-6057
TUMAKURU,Tumakuru,66868,-10,LivestockCensus_2012_Cattle,64673,-3.282586588502722,-2195
CHIKKAMAGALURU,Chikkamagaluru,61353,-10,LivestockCensus_2012_Cattle,59006,-3.825403810734601,-2347
DAKSHINA KANNADA,Dakshina Kannada,0,-10,LivestockCensus_2012_Cattle,0,,0
UDUPI,Udupi,109,-10,LivestockCensus_2012_Cattle,103,-5.5045871559633035,-6
HASSAN,Hassan,333937,-10,LivestockCensus_2012_Cattle,325203,-2.615463395790224,-8734
KODAGU,Kodagu,17921,-10,LivestockCensus_2012_Cattle,17481,-2.4552201328050893,-440
MANDYA,Mandya,19387,-10,LivestockCensus_2012_Cattle,18879,-2.620312580595244,-508
MYSURU,Mysuru,137154,-10,LivestockCensus_2012_Cattle,133594,-2.595622439010164,-3560
CHAMARAJANAGAR,Chamarajanagara,147886,-10,LivestockCensus_2012_Cattle,143236,-3.144313863381253,-4650
BELAGAVI,Belagavi,576758,-10,LivestockCensus_2012_Cattle,567559,-1.5949497016079532,-9199
VIJAYAPURA,Vijayapura,226327,-10,LivestockCensus_2012_Cattle,223515,-1.2424500832865721,-2812
BAGALKOT,Bagalkote,251699,-10,LivestockCensus_2012_Cattle,247327,-1.7369953794015867,-4372
DHARAWAD,Dharwad,90634,-10,LivestockCensus_2012_Cattle,88700,-2.1338570514376505,-1934
GADAG,Gadag,138476,-10,LivestockCensus_2012_Cattle,136494,-1.4312949536381756,-1982
HAVERI,Haveri,413487,-10,LivestockCensus_2012_Cattle,407983,-1.3311180278944683,-5504
UTTARA KANNADA,Uttara Kannada,24088,-10,LivestockCensus_2012_Cattle,22783,-5.41763533709731,-1305
BALLARI,Ballari,104045,-10,LivestockCensus_2012_Cattle,102688,-1.3042433562400884,-1357
BIDAR,Bidar,2791,-10,LivestockCensus_2012_Cattle,2653,-4.9444643496954495,-138
KALABURAGI,Kalaburagi,14621,-10,LivestockCensus_2012_Cattle,14261,-2.4622118870118324,-360
YADGIRI,Yadgir,2673,-10,LivestockCensus_2012_Cattle,2600,-2.7310138421249532,-73
RAICHUR,Raichur,723,-10,LivestockCensus_2012_Cattle,712,-1.5214384508990317,-11
KOPPAL,Koppal,190252,-10,LivestockCensus_2012_Cattle,188000,-1.1836932069045265,-2252
VIJAYANAGARA,Vijayanagara,104045,-10,LivestockCensus_2012_Cattle,102688,-1.3042433562400884,-1357
BENGALURU,Bengaluru Urban,2879,-10,AreaUnderCereals_Maize,2678,-6.981590830149358,-201
BENGALURU(R),Bengaluru Rural,42583,-10,AreaUnderCereals_Maize,39938,-6.21139891506,-2645
RAMANAGARA,Ramanagara,10450,-10,AreaUnderCereals_Maize,10096,-3.38755980861244,-354
CHITRADURGA,Chitradurga,271975,-10,AreaUnderCereals_Maize,255577,-6.029230627815056,-16398
DAVANAGERE,Davanagere,593544,-10,AreaUnderCereals_Maize,562703,-5.196076449260712,-30841
KOLAR,Kolar,1759,-10,AreaUnderCereals_Maize,1645,-6.480955088118249,-114
CHIKKABALLAPURA,Chikkaballapura,105491,-10,AreaUnderCereals_Maize,94930,-10.011280583177712,-10561
SHIVAMOGGA,Shivamogga,226532,-10,AreaUnderCereals_Maize,218737,-3.441014955944414,-7795
TUMAKURU,Tumakuru,66868,-10,AreaUnderCereals_Maize,62562,-6.439552551295089,-4306
CHIKKAMAGALURU,Chikkamagaluru,61353,-10,AreaUnderCereals_Maize,56758,-7.489446318843414,-4595
DAKSHINA KANNADA,Dakshina Kannada,0,-10,AreaUnderCereals_Maize,0,,0
UDUPI,Udupi,109,-10,AreaUnderCereals_Maize,107,-1.834862385321101,-2
HASSAN,Hassan,333937,-10,AreaUnderCereals_Maize,319876,-4.210674468537478,-14061
KODAGU,Kodagu,17921,-10,AreaUnderCereals_Maize,17307,-3.426148094414374,-614
MANDYA,Mandya,19387,-10,AreaUnderCereals_Maize,18516,-4.4927012946820035,-871
MYSURU,Mysuru,137154,-10,AreaUnderCereals_Maize,130523,-4.834711346369774,-6631
CHAMARAJANAGAR,Chamarajanagara,147886,-10,AreaUnderCereals_Maize,141026,-4.638708194149547,-6860
BELAGAVI,Belagavi,576758,-10,AreaUnderCereals_Maize,553429,-4.044850699946945,-23329
VIJAYAPURA,Vijayapura,226327,-10,AreaUnderCereals_Maize,219175,-3.1600295148170567,-7152
BAGALKOT,Bagalkote,251699,-10,AreaUnderCereals_Maize,243820,-3.1303263024485597,-7879
DHARAWAD,Dharwad,90634,-10,AreaUnderCereals_Maize,85138,-6.0639495112209545,-5496
GADAG,Gadag,138476,-10,AreaUnderCereals_Maize,132399,-4.38848609145267,-6077
HAVERI,Haveri,413487,-10,AreaUnderCereals_Maize,383127,-7.342431563749284,-30360
UTTARA KANNADA,Uttara Kannada,24088,-10,AreaUnderCereals_Maize,23274,-3.3792759880438394,-814
BALLARI,Ballari,104045,-10,AreaUnderCereals_Maize,95175,-8.525157383824308,-8870
BIDAR,Bidar,2791,-10,AreaUnderCereals_Maize,2545,-8.81404514510928,-246
KALABURAGI,Kalaburagi,14621,-10,AreaUnderCereals_Maize,14152,-3.2077149305793036,-469
YADGIRI,Yadgir,2673,-10,AreaUnderCereals_Maize,2502,-6.397306397306397,-171
RAICHUR,Raichur,723,-10,AreaUnderCereals_Maize,260,-64.0387275242047,-463
KOPPAL,Koppal,190252,-10,AreaUnderCereals_Maize,181677,-4.507179950802094,-8575
VIJAYANAGARA,Vijayanagara,104045,-10,AreaUnderCereals_Maize,95175,-8.525157383824308,-8870
BENGALURU,Bengaluru Urban,2879,20,TotalNPK,3390,17.749218478638415,511
BENGALURU(R),Bengaluru Rural,42583,20,TotalNPK,46126,8.32022168470986,3543
RAMANAGARA,Ramanagara,10450,20,TotalNPK,10709,2.4784688995215314,259
CHITRADURGA,Chitradurga,271975,20,TotalNPK,284697,4.677635812115084,12722
DAVANAGERE,Davanagere,593544,20,TotalNPK,623538,5.05337430754923,29994
KOLAR,Kolar,1759,20,TotalNPK,2016,14.610574189880616,257
CHIKKABALLAPURA,Chikkaballapura,105491,20,TotalNPK,115056,9.067124209648217,9565
SHIVAMOGGA,Shivamogga,226532,20,TotalNPK,238701,5.371867992160048,12169
TUMAKURU,Tumakuru,66868,20,TotalNPK,70072,4.791529580666388,3204
CHIKKAMAGALURU,Chikkamagaluru,61353,20,TotalNPK,70871,15.513503822143987,9518
DAKSHINA KANNADA,Dakshina Kannada,0,20,TotalNPK,0,,0
UDUPI,Udupi,109,20,TotalNPK,111,1.834862385321101,2
HASSAN,Hassan,333937,20,TotalNPK,353821,5.954416551625007,19884
KODAGU,Kodagu,17921,20,TotalNPK,22027,22.91166787567658,4106
MANDYA,Mandya,19387,20,TotalNPK,21077,8.71718161654717,1690
MYSURU,Mysuru,137154,20,TotalNPK,145258,5.908686585881564,8104
CHAMARAJANAGAR,Chamarajanagara,147886,20,TotalNPK,156392,5.751727682133535,8506
BELAGAVI,Belagavi,576758,20,TotalNPK,633109,9.770302275824523,56351
VIJAYAPURA,Vijayapura,226327,20,TotalNPK,238486,5.372315278336213,12159
BAGALKOT,Bagalkote,251699,20,TotalNPK,278469,10.635719649263605,26770
DHARAWAD,Dharwad,90634,20,TotalNPK,98158,8.301520400732617,7524
GADAG,Gadag,138476,20,TotalNPK,145000,4.711285710159161,6524
HAVERI,Haveri,413487,20,TotalNPK,438846,6.132961858534851,25359
UTTARA KANNADA,Uttara Kannada,24088,20,TotalNPK,25284,4.965127864496845,1196
BALLARI,Ballari,104045,20,TotalNPK,113852,9.425729251766063,9807
BIDAR,Bidar,2791,20,TotalNPK,3082,10.426370476531709,291
KALABURAGI,Kalaburagi,14621,20,TotalNPK,15449,5.663087340127214,828
YADGIRI,Yadgir,2673,20,TotalNPK,3103,16.086793864571643,430
RAICHUR,Raichur,723,20,TotalNPK,794,9.820193637621024,71
KOPPAL,Koppal,190252,20,TotalNPK,203085,6.745264175935076,12833
VIJAYANAGARA,Vijayanagara,104045,20,TotalNPK,113852,9.425729251766063,9807
BENGALURU,Bengaluru Urban,2879,20,LivestockCensus_2012_Cattle,3175,10.281347690170199,296
BENGALURU(R),Bengaluru Rural,42583,20,LivestockCensus_2012_Cattle,45479,6.8008360143719315,2896
RAMANAGARA,Ramanagara,10450,20,LivestockCensus_2012_Cattle,11344,8.555023923444976,894
CHITRADURGA,Chitradurga,271975,20,LivestockCensus_2012_Cattle,281670,3.564665870024818,9695
DAVANAGERE,Davanagere,593544,20,LivestockCensus_2012_Cattle,603452,1.6692949469626512,9908
KOLAR,Kolar,1759,20,LivestockCensus_2012_Cattle,2022,14.951677089255258,263
CHIKKABALLAPURA,Chikkaballapura,105491,20,LivestockCensus_2012_Cattle,113727,7.807301096776029,8236
SHIVAMOGGA,Shivamogga,226532,20,LivestockCensus_2012_Cattle,238645,5.347147422880653,12113
TUMAKURU,Tumakuru,66868,20,LivestockCensus_2012_Cattle,71257,6.563677693366035,4389
CHIKKAMAGALURU,Chikkamagaluru,61353,20,LivestockCensus_2012_Cattle,66046,7.649177709321467,4693
DAKSHINA KANNADA,Dakshina Kannada,0,20,LivestockCensus_2012_Cattle,0,,0
UDUPI,Udupi,109,20,LivestockCensus_2012_Cattle,119,9.174311926605505,10
HASSAN,Hassan,333937,20,LivestockCensus_2012_Cattle,351404,5.23062733389831,17467
KODAGU,Kodagu,17921,20,LivestockCensus_2012_Cattle,18800,4.904860219853803,879
MANDYA,Mandya,19387,20,LivestockCensus_2012_Cattle,20401,5.230308969928302,1014
MYSURU,Mysuru,137154,20,LivestockCensus_2012_Cattle,144273,5.190515770593639,7119
CHAMARAJANAGAR,Chamarajanagara,147886,20,LivestockCensus_2012_Cattle,157185,6.287951530232746,9299
BELAGAVI,Belagavi,576758,20,LivestockCensus_2012_Cattle,595155,3.1897260202719337,18397
VIJAYAPURA,Vijayapura,226327,20,LivestockCensus_2012_Cattle,231950,2.4844583279944503,5623
BAGALKOT,Bagalkote,251699,20,LivestockCensus_2012_Cattle,260441,3.473196158904088,8742
DHARAWAD,Dharwad,90634,20,LivestockCensus_2012_Cattle,94500,4.265507425469471,3866
GADAG,Gadag,138476,20,LivestockCensus_2012_Cattle,142439,2.86186776047835,3963
HAVERI,Haveri,413487,20,LivestockCensus_2012_Cattle,424493,2.66175236464508,11006
UTTARA KANNADA,Uttara Kannada,24088,20,LivestockCensus_2012_Cattle,26697,10.831119229491863,2609
BALLARI,Ballari,104045,20,LivestockCensus_2012_Cattle,106757,2.6065644672978037,2712
BIDAR,Bidar,2791,20,LivestockCensus_2012_Cattle,3065,9.817269795772125,274
KALABURAGI,Kalaburagi,14621,20,LivestockCensus_2012_Cattle,15340,4.917584296559743,719
YADGIRI,Yadgir,2673,20,LivestockCensus_2012_Cattle,2817,5.387205387205387,144
RAICHUR,Raichur,723,20,LivestockCensus_2012_Cattle,744,2.904564315352697,21
KOPPAL,Koppal,190252,20,LivestockCensus_2012_Cattle,194755,2.3668607951558984,4503
VIJAYANAGARA,Vijayanagara,104045,20,LivestockCensus_2012_Cattle,106757,2.6065644672978037,2712
BENGALURU,Bengaluru Urban,2879,20,AreaUnderCereals_Maize,3280,13.928447377561653,401
BENGALURU(R),Bengaluru Rural,42583,20,AreaUnderCereals_Maize,47871,12.418101120165325,5288
RAMANAGARA,Ramanagara,10450,20,AreaUnderCereals_Maize,11156,6.755980861244019,706
CHITRADURGA,Chitradurga,271975,20,AreaUnderCereals_Maize,304769,12.057725893924074,32794
DAVANAGERE,Davanagere,593544,20,AreaUnderCereals_Maize,655224,10.391815939509117,61680
KOLAR,Kolar,1759,20,AreaUnderCereals_Maize,1986,12.90505969300739,227
CHIKKABALLAPURA,Chikkaballapura,105491,20,AreaUnderCereals_Maize,126612,20.02161321818923,21121
SHIVAMOGGA,Shivamogga,226532,20,AreaUnderCereals_Maize,242121,6.881588473151696,15589
TUMAKURU,Tumakuru,66868,20,AreaUnderCereals_Maize,75478,12.87611413531136,8610
CHIKKAMAGALURU,Chikkamagaluru,61353,20,AreaUnderCereals_Maize,70541,14.975632813391357,9188
DAKSHINA KANNADA,Dakshina Kannada,0,20,AreaUnderCereals_Maize,0,,0
UDUPI,Udupi,109,20,AreaUnderCereals_Maize,111,1.834862385321101,2
HASSAN,Hassan,333937,20,AreaUnderCereals_Maize,362058,8.42104947939282,28121
KODAGU,Kodagu,17921,20,AreaUnderCereals_Maize,19147,6.841136097315998,1226
MANDYA,Mandya,19387,20,AreaUnderCereals_Maize,21127,8.975086398101821,1740
MYSURU,Mysuru,137154,20,AreaUnderCereals_Maize,150415,9.668693585312859,13261
CHAMARAJANAGAR,Chamarajanagara,147886,20,AreaUnderCereals_Maize,161605,9.276740191769337,13719
BELAGAVI,Belagavi,576758,20,AreaUnderCereals_Maize,623414,8.089354634005943,46656
VIJAYAPURA,Vijayapura,226327,20,AreaUnderCereals_Maize,240629,6.3191753524767265,14302
BAGALKOT,Bagalkote,251699,20,AreaUnderCereals_Maize,267456,6.260255304947576,15757
DHARAWAD,Dharwad,90634,20,AreaUnderCereals_Maize,101625,12.126795683738994,10991
GADAG,Gadag,138476,20,AreaUnderCereals_Maize,150628,8.775527889309338,12152
HAVERI,Haveri,413487,20,AreaUnderCereals_Maize,474205,14.68437943635471,60718
UTTARA KANNADA,Uttara Kannada,24088,20,AreaUnderCereals_Maize,25715,6.754400531384921,1627
BALLARI,Ballari,104045,20,AreaUnderCereals_Maize,121784,17.049353645057426,17739
BIDAR,Bidar,2791,20,AreaUnderCereals_Maize,3282,17.59226083840917,491
KALABURAGI,Kalaburagi,14621,20,AreaUnderCereals_Maize,15557,6.401750906230765,936
YADGIRI,Yadgir,2673,20,AreaUnderCereals_Maize,3014,12.757201646090536,341
RAICHUR,Raichur,723,20,AreaUnderCereals_Maize,1647,127.80082987551866,924
KOPPAL,Koppal,190252,20,AreaUnderCereals_Maize,207400,9.013308664297877,17148
VIJAYANAGARA,Vijayanagara,104045,20,AreaUnderCereals_Maize,121784,17.049353645057426,17739
BENGALURU,Bengaluru Urban,2879,-20,TotalNPK,2367,-17.783952761375478,-512
BENGALURU(R),Bengaluru Rural,42583,-20,TotalNPK,39039,-8.3225700396872,-3544
RAMANAGARA,Ramanagara,10450,-20,TotalNPK,10190,-2.488038277511962,-260
CHITRADURGA,Chitradurga,271975,-20,TotalNPK,259252,-4.678003492968104,-12723
DAVANAGERE,Davanagere,593544,-20,TotalNPK,563549,-5.053542787055383,-29995
KOLAR,Kolar,1759,-20,TotalNPK,1501,-14.667424673109721,-258
CHIKKABALLAPURA,Chikkaballapura,105491,-20,TotalNPK,95925,-9.068072157814411,-9566
SHIVAMOGGA,Shivamogga,226532,-20,TotalNPK,214362,-5.37230943089718,-12170
TUMAKURU,Tumakuru,66868,-20,TotalNPK,63663,-4.793025064305796,-3205
CHIKKAMAGALURU,Chikkamagaluru,61353,-20,TotalNPK,51834,-15.515133734291723,-9519
DAKSHINA KANNADA,Dakshina Kannada,0,-20,TotalNPK,0,,0
UDUPI,Udupi,109,-20,TotalNPK,106,-2.7522935779816518,-3
HASSAN,Hassan,333937,-20,TotalNPK,314052,-5.954716009307145,-19885
KODAGU,Kodagu,17921,-20,TotalNPK,13814,-22.917247921432956,-4107
MANDYA,Mandya,19387,-20,TotalNPK,17696,-8.722339712178263,-1691
MYSURU,Mysuru,137154,-20,TotalNPK,129049,-5.909415693308253,-8105
CHAMARAJANAGAR,Chamarajanagara,147886,-20,TotalNPK,139379,-5.752403878663294,-8507
BELAGAVI,Belagavi,576758,-20,TotalNPK,520406,-9.770475658768497,-56352
VIJAYAPURA,Vijayapura,226327,-20,TotalNPK,214167,-5.372757116914906,-12160
BAGALKOT,Bagalkote,251699,-20,TotalNPK,224928,-10.636116949213148,-26771
DHARAWAD,Dharwad,90634,-20,TotalNPK,83109,-8.302623739435532,-7525
GADAG,Gadag,138476,-20,TotalNPK,131951,-4.712007856957162,-6525
HAVERI,Haveri,413487,-20,TotalNPK,388127,-6.133203704106779,-25360
UTTARA KANNADA,Uttara Kannada,24088,-20,TotalNPK,22891,-4.969279309199601,-1197
BALLARI,Ballari,104045,-20,TotalNPK,94237,-9.42669037435725,-9808
BIDAR,Bidar,2791,-20,TotalNPK,2499,-10.462199928341096,-292
KALABURAGI,Kalaburagi,14621,-20,TotalNPK,13792,-5.6699268175911355,-829
YADGIRI,Yadgir,2673,-20,TotalNPK,2242,-16.1242050130939,-431
RAICHUR,Raichur,723,-20,TotalNPK,651,-9.95850622406639,-72
KOPPAL,Koppal,190252,-20,TotalNPK,177418,-6.74578979458823,-12834
VIJAYANAGARA,Vijayanagara,104045,-20,TotalNPK,94237,-9.42669037435725,-9808
BENGALURU,Bengaluru Urban,2879,-20,LivestockCensus_2012_Cattle,2582,-10.31608197290726,-297
BENGALURU(R),Bengaluru Rural,42583,-20,LivestockCensus_2012_Cattle,39686,-6.80318436934927,-2897
RAMANAGARA,Ramanagara,10450,-20,LivestockCensus_2012_Cattle,9555,-8.564593301435407,-895
CHITRADURGA,Chitradurga,271975,-20,LivestockCensus_2012_Cattle,262279,-3.5650335508778377,-9696
DAVANAGERE,Davanagere,593544,-20,LivestockCensus_2012_Cattle,583635,-1.6694634264688042,-9909
KOLAR,Kolar,1759,-20,LivestockCensus_2012_Cattle,1495,-15.008527572484365,-264
CHIKKABALLAPURA,Chikkaballapura,105491,-20,LivestockCensus_2012_Cattle,97254,-7.808249044942222,-8237
SHIVAMOGGA,Shivamogga,226532,-20,LivestockCensus_2012_Cattle,214418,-5.347588861617784,-12114
TUMAKURU,Tumakuru,66868,-20,LivestockCensus_2012_Cattle,62478,-6.565173177005444,-4390
CHIKKAMAGALURU,Chikkamagaluru,61353,-20,LivestockCensus_2012_Cattle,56659,-7.650807621469202,-4694
DAKSHINA KANNADA,Dakshina Kannada,0,-20,LivestockCensus_2012_Cattle,0,,0
UDUPI,Udupi,109,-20,LivestockCensus_2012_Cattle,98,-10.091743119266056,-11
HASSAN,Hassan,333937,-20,LivestockCensus_2012_Cattle,316469,-5.230926791580448,-17468
KODAGU,Kodagu,17921,-20,LivestockCensus_2012_Cattle,17041,-4.910440265610179,-880
MANDYA,Mandya,19387,-20,LivestockCensus_2012_Cattle,18372,-5.235467065559395,-1015
MYSURU,Mysuru,137154,-20,LivestockCensus_2012_Cattle,130034,-5.191244878020328,-7120
CHAMARAJANAGAR,Chamarajanagara,147886,-20,LivestockCensus_2012_Cattle,138586,-6.288627726762506,-9300
BELAGAVI,Belagavi,576758,-20,LivestockCensus_2012_Cattle,558360,-3.1898994032159065,-18398
VIJAYAPURA,Vijayapura,226327,-20,LivestockCensus_2012_Cattle,220703,-2.4849001665731443,-5624
BAGALKOT,Bagalkote,251699,-20,LivestockCensus_2012_Cattle,242956,-3.473593458853631,-8743
DHARAWAD,Dharwad,90634,-20,LivestockCensus_2012_Cattle,86767,-4.266610764172386,-3867
GADAG,Gadag,138476,-20,LivestockCensus_2012_Cattle,134512,-2.862589907276351,-3964
HAVERI,Haveri,413487,-20,LivestockCensus_2012_Cattle,402480,-2.661994210217008,-11007
UTTARA KANNADA,Uttara Kannada,24088,-20,LivestockCensus_2012_Cattle,21478,-10.83527067419462,-2610
BALLARI,Ballari,104045,-20,LivestockCensus_2012_Cattle,101332,-2.6075255898889904,-2713
BIDAR,Bidar,2791,-20,LivestockCensus_2012_Cattle,2516,-9.853099247581513,-275
KALABURAGI,Kalaburagi,14621,-20,LivestockCensus_2012_Cattle,13901,-4.924423774023665,-720
YADGIRI,Yadgir,2673,-20,LivestockCensus_2012_Cattle,2528,-5.4246165357276475,-145
RAICHUR,Raichur,723,-20,LivestockCensus_2012_Cattle,701,-3.0428769017980635,-22
KOPPAL,Koppal,190252,-20,LivestockCensus_2012_Cattle,185748,-2.367386413809053,-4504
VIJAYANAGARA,Vijayanagara,104045,-20,LivestockCensus_2012_Cattle,101332,-2.6075255898889904,-2713
BENGALURU,Bengaluru Urban,2879,-20,AreaUnderCereals_Maize,2477,-13.963181660298716,-402
BENGALURU(R),Bengaluru Rural,42583,-20,AreaUnderCereals_Maize,37294,-12.420449475142663,-5289
RAMANAGARA,Ramanagara,10450,-20,AreaUnderCereals_Maize,9743,-6.765550239234449,-707
CHITRADURGA,Chitradurga,271975,-20,AreaUnderCereals_Maize,239180,-12.058093574777093,-32795
DAVANAGERE,Davanagere,593544,-20,AreaUnderCereals_Maize,531863,-10.391984419015271,-61681
KOLAR,Kolar,1759,-20,AreaUnderCereals_Maize,1531,-12.961910176236499,-228
CHIKKABALLAPURA,Chikkaballapura,105491,-20,AreaUnderCereals_Maize,84369,-20.022561166355423,-21122
SHIVAMOGGA,Shivamogga,226532,-20,AreaUnderCereals_Maize,210942,-6.882029911888828,-15590
TUMAKURU,Tumakuru,66868,-20,AreaUnderCereals_Maize,58257,-12.87760961895077,-8611
CHIKKAMAGALURU,Chikkamagaluru,61353,-20,AreaUnderCereals_Maize,52164,-14.977262725539092,-9189
DAKSHINA KANNADA,Dakshina Kannada,0,-20,AreaUnderCereals_Maize,0,,0
UDUPI,Udupi,109,-20,AreaUnderCereals_Maize,106,-2.7522935779816518,-3
HASSAN,Hassan,333937,-20,AreaUnderCereals_Maize,305815,-8.421348937074956,-28122
KODAGU,Kodagu,17921,-20,AreaUnderCereals_Maize,16694,-6.846716143072373,-1227
MANDYA,Mandya,19387,-20,AreaUnderCereals_Maize,17646,-8.980244493732915,-1741
MYSURU,Mysuru,137154,-20,AreaUnderCereals_Maize,123892,-9.669422692739548,-13262
CHAMARAJANAGAR,Chamarajanagara,147886,-20,AreaUnderCereals_Maize,134166,-9.277416388299095,-13720
BELAGAVI,Belagavi,576758,-20,AreaUnderCereals_Maize,530101,-8.089528016949917,-46657
VIJAYAPURA,Vijayapura,226327,-20,AreaUnderCereals_Maize,212024,-6.3196171910554195,-14303
BAGALKOT,Bagalkote,251699,-20,AreaUnderCereals_Maize,235941,-6.260652604897119,-15758
DHARAWAD,Dharwad,90634,-20,AreaUnderCereals_Maize,79642,-12.127899022441909,-10992
GADAG,Gadag,138476,-20,AreaUnderCereals_Maize,126323,-8.77625003610734,-12153
HAVERI,Haveri,413487,-20,AreaUnderCereals_Maize,352768,-14.684621281926638,-60719
UTTARA KANNADA,Uttara Kannada,24088,-20,AreaUnderCereals_Maize,22460,-6.758551976087679,-1628
BALLARI,Ballari,104045,-20,AreaUnderCereals_Maize,86305,-17.050314767648615,-17740
BIDAR,Bidar,2791,-20,AreaUnderCereals_Maize,2299,-17.62809029021856,-492
KALABURAGI,Kalaburagi,14621,-20,AreaUnderCereals_Maize,13684,-6.408590383694686,-937
YADGIRI,Yadgir,2673,-20,AreaUnderCereals_Maize,2331,-12.794612794612794,-342
RAICHUR,Raichur,723,-20,AreaUnderCereals_Maize,-201,-127.80082987551866,-924
KOPPAL,Koppal,190252,-20,AreaUnderCereals_Maize,173103,-9.013834282951033,-17149
VIJAYANAGARA,Vijayanagara,104045,-20,AreaUnderCereals_Maize,86305,-17.050314767648615,-17740
